name.firstName,name.lastName,age,address.line1,address.line2,address.city,address.state,gender,hobby.favorite,social.linkedin
Rohit,Prasad,35,A-563 Rakshak Society,New Pune Road,Pune,Maharashtra,male,cricket,linkedin.com/in/rohitprasad
Amit,Sharma,42,B-102 Sunshine Apartments,Old Delhi Road,Delhi,Delhi,male,reading,linkedin.com/in/amitsharma
Sneha,Patil,28,Flat 204 Galaxy Residency,Baner Road,Pune,Maharashtra,female,dancing,linkedin.com/in/snehapatil
Kiran,Das,19,House No 5 Green Meadows Colony,MG Road,Bangalore,Karnataka,male,gaming,linkedin.com/in/kirandas
Meena,Rao,65,12 Whitefield Apartments,Main Street,Hyderabad,Telangana,female,gardening,linkedin.com/in/meenarao
Rajesh,Kumar,50,House 14A,Outer Ring Road,Chennai,Tamil Nadu,male,painting,linkedin.com/in/rajeshkumar
Pooja,Joshi,24,Flat 3B,Park Street,Kolkata,West Bengal,female,traveling,linkedin.com/in/poojajoshi
Arjun,Kapoor,38,Block 7,Bandra West,Mumbai,Maharashtra,male,photography,linkedin.com/in/arjunkapoor
Divya,Nair,30,Flat 21,MG Road,Ernakulam,Kerala,female,cooking,linkedin.com/in/divyanair
Suresh,Reddy,60,Plot 45,Nanakramguda,Hyderabad,Telangana,male,golf,linkedin.com/in/sureshreddy
Anjali,Mehta,22,Room 8,High Street,Pune,Maharashtra,female,yoga,linkedin.com/in/anjalimehta
Vivek,Agarwal,55,Plot 18,Whitefield,Bangalore,Karnataka,male,writing,linkedin.com/in/vivekagarwal
Priya,Raj,31,Flat 9,East Street,Mumbai,Maharashtra,female,cycling,linkedin.com/in/priyaraj
Rohan,Verma,27,House 101,Sector 5,Noida,Uttar Pradesh,male,running,linkedin.com/in/rohanverma
Sunita,Sharma,44,Flat 16,Green Park,Delhi,Delhi,female,singing,linkedin.com/in/sunitasharma
Deepak,Mishra,39,Plot 22,Old Town,Bhubaneswar,Odisha,male,sketching,linkedin.com/in/deepakmishra
Alok,Pandey,25,Flat 12,Model Town,Lucknow,Uttar Pradesh,male,gaming,linkedin.com/in/alokpandey
Kavya,Rao,33,House 8,Lake View,Bangalore,Karnataka,female,drawing,linkedin.com/in/kavyarao
Manish,Dubey,29,Flat 4,MG Road,Pune,Maharashtra,male,trekking,linkedin.com/in/manishdubey
Neha,Bhatia,26,Flat 5,Civil Lines,Jaipur,Rajasthan,female,reading,linkedin.com/in/nehabhatia
Ajay,Yadav,40,Plot 7,Station Road,Patna,Bihar,male,cricket,linkedin.com/in/ajayyadav
Tanya,Singh,36,Flat 6A,Market Road,Varanasi,Uttar Pradesh,female,knitting,linkedin.com/in/tanyasingh
Ravi,Iyer,62,House 10,Church Road,Chennai,Tamil Nadu,male,gardening,linkedin.com/in/raviiyer
Maya,Shukla,18,Flat 11,University Road,Pune,Maharashtra,female,dancing,linkedin.com/in/mayashukla
Rajiv,Menon,58,Plot 3,MG Road,Cochin,Kerala,male,reading,linkedin.com/in/rajivmenon
Nisha,Pillai,37,House 1,Lakeside,Thiruvananthapuram,Kerala,female,singing,linkedin.com/in/nishapillai
Ramesh,Gupta,41,Plot 44,Industrial Area,Kanpur,Uttar Pradesh,male,cricket,linkedin.com/in/rameshgupta
Preeti,Kaur,21,Flat 8,Mall Road,Amritsar,Punjab,female,painting,linkedin.com/in/preetikaur
Harish,Kumar,57,Plot 2,BHEL Colony,Haridwar,Uttarakhand,male,golf,linkedin.com/in/harishkumar
Ashwini,Desai,45,Flat 10,Main Road,Mumbai,Maharashtra,female,knitting,linkedin.com/in/ashwinidesai
Ishaan,Patel,32,Flat 7,New Market,Surat,Gujarat,male,writing,linkedin.com/in/ishaanpatel
Sakshi,Aggarwal,23,Flat 15,Powai,Mumbai,Maharashtra,female,cooking,linkedin.com/in/sakshiaggarwal
Nitin,Rana,49,House 22,Gandhi Nagar,Ahmedabad,Gujarat,male,running,linkedin.com/in/nitinrana
Ritika,Bose,20,Flat 3,College Road,Kolkata,West Bengal,female,sketching,linkedin.com/in/ritikabose
Aditya,Sen,47,Plot 12,North Point,Shillong,Meghalaya,male,trekking,linkedin.com/in/adityasen
Meera,Das,34,Flat 9A,Central Avenue,Ranchi,Jharkhand,female,dancing,linkedin.com/in/meeradas
Gopal,Naik,59,House 25,MG Road,Hubli,Karnataka,male,reading,linkedin.com/in/gopalnaik
Sanya,Pandit,28,Flat 4B,Park Road,Indore,Madhya Pradesh,female,cycling,linkedin.com/in/sanyapandit
Mahesh,Yadav,43,Plot 30,Main Street,Bhopal,Madhya Pradesh,male,painting,linkedin.com/in/maheshyadav
Anita,Gupta,53,Flat 2,Temple Road,Raipur,Chhattisgarh,female,golf,linkedin.com/in/anitagupta
Kapil,Thakur,46,Flat 10B,Palace Road,Shimla,Himachal Pradesh,male,photography,linkedin.com/in/kapilthakur
Vimal,Shah,64,House 15,Old Market,Rajkot,Gujarat,male,cooking,linkedin.com/in/vimalshah
Surbhi,Choudhary,25,Flat 18,West Avenue,Gurgaon,Haryana,female,running,linkedin.com/in/surbhichoudhary
Pankaj,Rathore,29,Plot 1,Civic Center,Jabalpur,Madhya Pradesh,male,gaming,linkedin.com/in/pankajrathore
Lata,Sen,60,Flat 12,High Street,Agra,Uttar Pradesh,female,knitting,linkedin.com/in/latasen
Raj,Kapoor,38,Plot 6,Central Park,Mumbai,Maharashtra,male,cycling,linkedin.com/in/rajkapoor
Varun,Kumar,33,Flat 17,Green Valley,Bangalore,Karnataka,male,cricket,linkedin.com/in/varunkumar
Ankita,Shah,26,House 3,Park Lane,Ahmedabad,Gujarat,female,drawing,linkedin.com/in/ankitashah
Sameer,Deshmukh,48,Plot 19,Old Station Road,Nashik,Maharashtra,male,photography,linkedin.com/in/sameerdeshmukh
Leena,Chopra,39,Flat 6C,City Center,Jaipur,Rajasthan,female,painting,linkedin.com/in/leenachopra
